title,First_name,Last_name,Gender,Dob,Citizenship,Phone,email,Passport_number,Passport_expiry
Mr,Amiya,Sahoo,Male,6/20/98,India,19671049407,amiya@umail.com,P9748166,5/18/30
Ms,Sarah,Lee,Female,2/15/95,Malaysia,14908560116,sarah.lee@gmail.com,P6277985,12/13/32
Mr,Michael,Ng,Male,11/3/91,Singapore,13646463990,michael.ng@umail.com,P7645774,8/21/30
Mrs,Ana,Santos,Female,4/27/88,Philippines,10659567843,ana.santos@redifmail.com,P3871222,12/22/34
Mr,Adi,Putra,Male,9/12/93,Indonesia,13194296043,adi.putra@gmail.com,P8758966,4/16/31
Ms,Lan,Nguyen,Female,1/30/97,Vietnam,17025390068,lan.nguyen@umail.com,P8328869,6/5/29
Mr,Ravi,Kumar,Male,7/10/92,India,18497136745,ravi.kumar@yahoomail.com,P1905566,4/6/31
Ms,Chariya,Boonmee,Female,5/19/99,Thailand,12034243825,chariya.b@yahoomail.com,P6799553,9/18/30
Mr,Sok,Dara,Male,8/8/90,Cambodia,19883714731,sok.dara@yahoomail.com,P5350401,7/14/35
Mrs,Grace,Lim,Female,12/25/87,Malaysia,19524082797,grace.lim@yahoomail.com,P1350543,6/27/35
Mr,Paul,Arnold,Male,3/14/92,USA,13831640569,Paul.Arnold@gmail.com,P5295070,8/30/32
Mr,Cooper,Beck,Male,7/8/85,USA,19349643122,Cooper.Beck@gmail.com,P1418300,1/23/32
Mr,Andre,Bernal,Male,11/21/90,USA,14115549916,Andre.Bernal@gmail.com,P4681834,1/20/30
Mr,Alexandra,Bobella,Male,5/3/88,USA,11544797101,Alexandra.Bobella@gmail.com,P3609454,7/28/32
Mr,Robert,Cook,Male,9/17/93,Canada,18701051372,Robert.Cook@gmail.com,P1130106,8/14/35
Mr,John,Degrey,Male,1/29/86,United Kingdom,18857221344,John.Degrey@gmail.com,P5994149,8/25/34
Mrs,Allie,Farnsworth,Female,6/11/91,Germany,15357108912,Allie.Farnsworth@gmail.com,P7278015,9/14/30
Mr,Juston,Goldade,Male,10/5/89,France,17338485564,Juston.Goldade@gmail.com,P9696383,9/1/33
Mr,Uday,Gunturu,Male,4/22/94,India,14065279639,Uday.Gunturu@gmail.com,P5910079,5/26/31
Mr,Justin,Hales,Male,8/30/87,Spain,11644289525,Justin.Hales@gmail.com,P4985910,7/3/32
Mr,Zachary,Hancock,Male,2/13/90,Netherlands,19044509135,Zachary.Hancock@gmail.com,P4769165,1/20/33
Mr,Tate,Harris,Male,12/9/85,Sweden,19645297182,Tate.Harris@gmail.com,P2281937,7/4/35
Mr,John,King,Male,7/19/92,Norway,12410339664,John.King@gmail.com,P8012310,9/6/32
Mr,Seth,Knott,Male,3/27/88,Denmark,16083529681,Seth.Knott@gmail.com,P9487560,12/25/30
Mr,Arnold,Obi,Male,11/2/91,Switzerland,10127547693,Arnold.Obi@gmail.com,P9768692,3/10/31
Mr,Jamison,Orton,Male,5/16/86,Ireland,15340547921,Jamison.Orton@gmail.com,P2434767,4/14/35
Mr,Andrew,Richardson,Male,9/8/94,Belgium,12686964719,Andrew.Richardson@gmail.com,P3464864,11/17/35
Mr,Felipe,Rodriguez Onate,Male,1/24/89,Austria,13458582505,Felipe.Rodriguez Onate@gmail.com,P6832361,4/15/33
Mr,Cody,Schlawin,Male,6/3/93,Poland,15160471051,Cody.Schlawin@gmail.com,P8386770,9/19/34
Mr,Jacob,Tedders,Male,10/12/87,Portugal,17022196430,Jacob.Tedders@gmail.com,P0006167,6/27/33
Mrs,Elizabeth,Thomas,Female,4/18/90,USA,18317673294,Elizabeth.Thomas@gmail.com,P1469890,2/26/35
Mr,Elliot,Tidd,Male,8/7/85,USA,11687860516,Elliot.Tidd@gmail.com,P8073650,3/12/33
Mr,Rene,Varela,Male,2/26/92,United Kingdom,10193764045,Rene.Varela@gmail.com,P1170914,1/25/32
Mr,Tanner,Wegrowski,Male,12/14/88,USA,16183259191,Tanner.Wegrowski@gmail.com,P0621483,12/14/34
Mr,Daniel,Youngerman,Male,7/1/91,Germany,11984124765,Daniel.Youngerman@gmail.com,P6535724,10/16/29
Mr,Olivia,Nelson,Male,11/23/87,Australia,11896332366,olivia.nelson483@gmail.com,P9752692,8/13/34
Mr,Isabella,Allen,Male,8/12/02,USA,10086829718,isabella.allen678@gmail.com,P9394382,4/16/35
Ms,Daniel,Hall,Female,12/25/90,Germany,16006499257,daniel.hall660@gmail.com,P2431666,9/3/30
Mrs,Liam,Gonzalez,Female,4/30/99,Canada,15795510894,liam.gonzalez595@gmail.com,P9903801,9/30/29
Mrs,Emma,Lopez,Female,12/18/05,Singapore,16952160461,emma.lopez480@gmail.com,P9273331,4/18/34
Mr,Olivia,Scott,Male,4/17/17,India,12733339810,olivia.scott166@gmail.com,P8472687,1/31/33
Ms,Daniel,King,Female,10/13/00,Canada,17514845468,daniel.king746@gmail.com,P4101068,6/28/30
Mrs,Mia,Young,Female,11/15/97,France,10091166461,mia.young278@gmail.com,P3572707,2/14/33
Mrs,Olivia,Hill,Female,10/26/20,India,16794564443,olivia.hill932@gmail.com,P5136757,3/22/35
Ms,Daniel,Hill,Female,3/11/14,USA,16749160865,daniel.hill88@gmail.com,P5877513,9/21/33
Mrs,Henry,Adams,Female,4/18/08,USA,11194421321,henry.adams868@gmail.com,P0709559,12/18/33
Ms,Daniel,Wright,Female,8/28/13,USA,18401662800,daniel.wright71@gmail.com,P2663375,6/12/33
Mr,Noah,Hill,Male,9/28/03,Canada,18258274256,noah.hill667@gmail.com,P4439095,12/19/35
Ms,Sophia,Wright,Female,4/16/96,Singapore,19501145576,sophia.wright858@gmail.com,P6922602,11/22/32
Mr,Lucas,Scott,Male,2/20/17,France,18796701890,lucas.scott822@gmail.com,P5379684,7/17/34